<?xml version="1.0" encoding="UTF-8"?>
<GenRun Id="impl_1" LaunchPart="xc7z010clg400-1" LaunchTime="1605951221">
  <File Type="ROUTE-PWR" Name="TFF_3bits_power_routed.rpt"/>
  <File Type="PA-TCL" Name="TFF_3bits.tcl"/>
  <File Type="BITSTR-BMM" Name="TFF_3bits_bd.bmm"/>
  <File Type="ROUTE-PWR-SUM" Name="TFF_3bits_power_summary_routed.pb"/>
  <File Type="REPORTS-TCL" Name="TFF_3bits_reports.tcl"/>
  <File Type="OPT-DCP" Name="TFF_3bits_opt.dcp"/>
  <File Type="OPT-DRC" Name="TFF_3bits_drc_opted.rpt"/>
  <File Type="OPT-HWDEF" Name="TFF_3bits.hwdef"/>
  <File Type="PWROPT-DCP" Name="TFF_3bits_pwropt.dcp"/>
  <File Type="PLACE-DCP" Name="TFF_3bits_placed.dcp"/>
  <File Type="PLACE-IO" Name="TFF_3bits_io_placed.rpt"/>
  <File Type="PLACE-UTIL" Name="TFF_3bits_utilization_placed.rpt"/>
  <File Type="PLACE-UTIL-PB" Name="TFF_3bits_utilization_placed.pb"/>
  <File Type="PLACE-CTRL" Name="TFF_3bits_control_sets_placed.rpt"/>
  <File Type="PLACE-PRE-SIMILARITY" Name="TFF_3bits_incremental_reuse_pre_placed.rpt"/>
  <File Type="BG-BGN" Name="TFF_3bits.bgn"/>
  <File Type="POSTPLACE-PWROPT-DCP" Name="TFF_3bits_postplace_pwropt.dcp"/>
  <File Type="BG-BIN" Name="TFF_3bits.bin"/>
  <File Type="PHYSOPT-DCP" Name="TFF_3bits_physopt.dcp"/>
  <File Type="BITSTR-MSK" Name="TFF_3bits.msk"/>
  <File Type="ROUTE-ERROR-DCP" Name="TFF_3bits_routed_error.dcp"/>
  <File Type="ROUTE-DCP" Name="TFF_3bits_routed.dcp"/>
  <File Type="ROUTE-BLACKBOX-DCP" Name="TFF_3bits_routed_bb.dcp"/>
  <File Type="ROUTE-DRC" Name="TFF_3bits_drc_routed.rpt"/>
  <File Type="ROUTE-DRC-PB" Name="TFF_3bits_drc_routed.pb"/>
  <File Type="ROUTE-DRC-RPX" Name="TFF_3bits_drc_routed.rpx"/>
  <File Type="BITSTR-LTX" Name="TFF_3bits.ltx"/>
  <File Type="ROUTE-METHODOLOGY-DRC" Name="TFF_3bits_methodology_drc_routed.rpt"/>
  <File Type="BITSTR-MMI" Name="TFF_3bits.mmi"/>
  <File Type="ROUTE-METHODOLOGY-DRC-RPX" Name="TFF_3bits_methodology_drc_routed.rpx"/>
  <File Type="ROUTE-METHODOLOGY-DRC-PB" Name="TFF_3bits_methodology_drc_routed.pb"/>
  <File Type="BITSTR-SYSDEF" Name="TFF_3bits.sysdef"/>
  <File Type="ROUTE-PWR-RPX" Name="TFF_3bits_power_routed.rpx"/>
  <File Type="ROUTE-STATUS" Name="TFF_3bits_route_status.rpt"/>
  <File Type="ROUTE-STATUS-PB" Name="TFF_3bits_route_status.pb"/>
  <File Type="ROUTE-TIMINGSUMMARY" Name="TFF_3bits_timing_summary_routed.rpt"/>
  <File Type="ROUTE-TIMING-PB" Name="TFF_3bits_timing_summary_routed.pb"/>
  <File Type="ROUTE-TIMING-RPX" Name="TFF_3bits_timing_summary_routed.rpx"/>
  <File Type="ROUTE-CLK" Name="TFF_3bits_clock_utilization_routed.rpt"/>
  <File Type="ROUTE-BUS-SKEW" Name="TFF_3bits_bus_skew_routed.rpt"/>
  <File Type="ROUTE-BUS-SKEW-PB" Name="TFF_3bits_bus_skew_routed.pb"/>
  <File Type="ROUTE-BUS-SKEW-RPX" Name="TFF_3bits_bus_skew_routed.rpx"/>
  <File Type="POSTROUTE-PHYSOPT-DCP" Name="TFF_3bits_postroute_physopt.dcp"/>
  <File Type="POSTROUTE-PHYSOPT-BLACKBOX-DCP" Name="TFF_3bits_postroute_physopt_bb.dcp"/>
  <File Type="BG-BIT" Name="TFF_3bits.bit"/>
  <File Type="BITSTR-RBT" Name="TFF_3bits.rbt"/>
  <File Type="BITSTR-NKY" Name="TFF_3bits.nky"/>
  <File Type="BG-DRC" Name="TFF_3bits.drc"/>
  <File Type="RDI-RDI" Name="TFF_3bits.vdi"/>
  <File Type="WBT-USG" Name="usage_statistics_webtalk.html"/>
  <FileSet Name="sources" Type="DesignSrcs" RelSrcDir="$PSRCDIR/sources_1">
    <Filter Type="Srcs"/>
    <File Path="$PPRDIR/s181703VL.v">
      <FileInfo>
        <Attr Name="UsedIn" Val="synthesis"/>
        <Attr Name="UsedIn" Val="implementation"/>
        <Attr Name="UsedIn" Val="simulation"/>
      </FileInfo>
    </File>
    <Config>
      <Option Name="DesignMode" Val="RTL"/>
      <Option Name="TopModule" Val="TFF_3bits"/>
      <Option Name="TopAutoSet" Val="TRUE"/>
    </Config>
  </FileSet>
  <FileSet Name="constrs_in" Type="Constrs" RelSrcDir="$PSRCDIR/constrs_1">
    <Filter Type="Constrs"/>
    <File Path="$PPRDIR/Zybo-Z7-Master.xdc">
      <FileInfo>
        <Attr Name="UsedIn" Val="synthesis"/>
        <Attr Name="UsedIn" Val="implementation"/>
      </FileInfo>
    </File>
    <Config>
      <Option Name="ConstrsType" Val="XDC"/>
    </Config>
  </FileSet>
  <Strategy Version="1" Minor="2">
    <StratHandle Name="Vivado Implementation Defaults" Flow="Vivado Implementation 2018"/>
    <Step Id="init_design"/>
    <Step Id="opt_design"/>
    <Step Id="power_opt_design"/>
    <Step Id="place_design"/>
    <Step Id="post_place_power_opt_design"/>
    <Step Id="phys_opt_design"/>
    <Step Id="route_design"/>
    <Step Id="post_route_phys_opt_design"/>
    <Step Id="write_bitstream"/>
  </Strategy>
</GenRun>
